{
  "n_total_points": 213146000,
  "n_snapshots": 1000,
  "spatial": {
    "x_mean": 140.01174139636194,
    "y_mean": 290.9150766181903,
    "z_mean": 66.39128138069277,
    "sigma_space_iso": 101.234187329139,
    "x_std_aniso_debug": 60.84598160835849,
    "y_std_aniso_debug": 192.0736282437703,
    "z_std_aniso_debug": 50.782952135288234
  },
  "temporal": {
    "t_mean": 50.05,
    "t_std": 28.867499025720953
  },
  "outputs": {
    "u_mean": 0.014754446585653998,
    "u_std": 4.133050105381722,
    "v_mean": 14.321999262773115,
    "v_std": 7.399817765728233,
    "w_mean": 0.251954634259236,
    "w_std": 2.33567163666255,
    "P_mean": -32.78900000449526,
    "P_std": 98.41228792498488
  },
  "bounds_physical": {
    "x_min": 0.4746232330799103,
    "x_max": 279.456787109375,
    "y_min": 0.407413512468338,
    "y_max": 699.587158203125,
    "z_min": 0.14821679890155792,
    "z_max": 189.33297729492188
  }
}